[
    { "name": "platform", "type": "autostart" },
    { "name": "main", "type": "autostart" },
    { "name": "components", "type": "autostart" },
    { "name": "ui", "type": "autostart" },
    { "name": "sdk", "type": "autostart" },
    { "name": "host", "type": "autostart" },
    { "name": "common", "type": "autostart" },
    { "name": "emulation", "type": "autostart" },
    { "name": "workspace", "type": "autostart" },
    { "name": "bindings", "type": "autostart" },
    { "name": "extensions", "type": "autostart" },
    { "name": "ui_lazy" },
    { "name": "components_lazy" },
    { "name": "elements" },
    { "name": "network" },
    { "name": "sources" },
    { "name": "timeline" },
    { "name": "profiler" },
    { "name": "resources" },
    { "name": "audits" },
    { "name": "devices" },
    { "name": "security" },
    { "name": "console" },
    { "name": "source_frame" },
    { "name": "cm_modes", "type": "remote" },
    { "name": "settings" },
    { "name": "layers" },
    { "name": "snippets" },
    { "name": "diff" },
    { "name": "sass" },
    { "name": "accessibility" },
    { "name": "animation" },
    { "name": "es_tree" },
    { "name": "screencast", "condition": "remoteFrontend", "type": "remote" },
    { "name": "emulated_devices", "type": "remote" },

    { "name": "heap_snapshot_worker", "type": "worker" },
    { "name": "formatter_worker", "type": "worker" },
    { "name": "temp_storage_shared_worker", "type": "worker" }
]
